epoch,time,train/box_loss,train/cls_loss,train/dfl_loss,metrics/precision(B),metrics/recall(B),metrics/mAP50(B),metrics/mAP50-95(B),val/box_loss,val/cls_loss,val/dfl_loss,lr/pg0,lr/pg1,lr/pg2
1,23.1013,0.84677,2.71159,0.90813,0.01233,0.99107,0.18448,0.12997,0.65451,3.07454,0.80399,0.00028,0.00028,0.00028
2,39.9439,0.80693,1.10689,0.86998,1,0.1912,0.58003,0.46231,0.78007,2.71142,0.80992,0.000577129,0.000577129,0.000577129
3,58.0737,0.76779,0.95359,0.88177,0.91452,0.3821,0.63588,0.50321,0.79152,2.62889,0.82635,0.000871288,0.000871288,0.000871288
4,75.4841,0.77517,0.9076,0.88664,0.94881,0.331,0.80153,0.62119,0.77821,2.2408,0.84021,0.00116248,0.00116248,0.00116248
5,92.9758,0.86582,0.95491,0.91576,1,0.26672,0.86448,0.66165,0.83405,2.33327,0.84953,0.0014507,0.0014507,0.0014507
6,109.569,0.81543,0.87991,0.89196,0.91612,0.68267,0.88455,0.68847,0.82201,1.82247,0.86184,0.00173595,0.00173595,0.00173595
7,128.015,0.77852,0.82729,0.88426,0.90514,0.875,0.92073,0.68364,0.81875,1.33896,0.85931,0.0019406,0.0019406,0.0019406
8,145.215,0.71708,0.88006,0.8838,0.8025,0.73214,0.80069,0.6616,0.73301,1.56081,0.85236,0.0019307,0.0019307,0.0019307
9,164.162,0.7091,0.76394,0.88539,0.9539,0.92368,0.97252,0.78193,0.73018,0.9045,0.84911,0.0019208,0.0019208,0.0019208
10,181.706,0.68303,0.7623,0.8768,0.90195,0.90179,0.94535,0.7892,0.66834,0.97582,0.82922,0.0019109,0.0019109,0.0019109
11,200.727,0.66764,0.74074,0.88101,0.93627,0.91824,0.96981,0.80025,0.69052,0.78031,0.84075,0.001901,0.001901,0.001901
12,218.703,0.73883,0.71241,0.89089,0.93093,0.96271,0.97536,0.76832,0.72806,0.84345,0.84504,0.0018911,0.0018911,0.0018911
13,236.828,0.71518,0.70489,0.87616,0.93898,0.97321,0.9817,0.81539,0.60236,0.6924,0.82167,0.0018812,0.0018812,0.0018812
14,255.023,0.66272,0.67057,0.86659,0.93977,0.97519,0.97604,0.79801,0.66823,0.67028,0.82584,0.0018713,0.0018713,0.0018713
15,272.687,0.66913,0.64532,0.87781,0.93418,0.96429,0.95278,0.78256,0.68679,0.83154,0.84313,0.0018614,0.0018614,0.0018614
16,291.293,0.71441,0.66188,0.87175,0.93985,0.97656,0.97412,0.80901,0.65559,0.64543,0.83179,0.0018515,0.0018515,0.0018515
17,308.268,0.69007,0.67788,0.88216,0.92961,0.99107,0.97676,0.8287,0.62571,0.59735,0.82866,0.0018416,0.0018416,0.0018416
18,327.138,0.65766,0.61302,0.8613,0.95617,0.96429,0.98439,0.82102,0.63578,0.6476,0.82904,0.0018317,0.0018317,0.0018317
19,344.011,0.67136,0.61558,0.87195,0.95579,0.96512,0.98123,0.82731,0.66093,0.60386,0.83662,0.0018218,0.0018218,0.0018218
20,361.811,0.65031,0.60104,0.86322,0.96026,0.97321,0.98586,0.84215,0.59899,0.54393,0.8258,0.0018119,0.0018119,0.0018119
21,379.386,0.63396,0.58345,0.86528,0.9621,0.96429,0.98829,0.82587,0.61701,0.51919,0.82172,0.001802,0.001802,0.001802
22,397.154,0.64104,0.57307,0.86504,0.94018,0.97321,0.9867,0.8375,0.5873,0.51935,0.81918,0.0017921,0.0017921,0.0017921
23,413.791,0.63465,0.56297,0.86326,0.98244,0.99932,0.9912,0.8434,0.61493,0.49405,0.82625,0.0017822,0.0017822,0.0017822
24,430.911,0.60881,0.5584,0.86196,0.95999,1,0.97971,0.83645,0.58877,0.51132,0.82406,0.0017723,0.0017723,0.0017723
25,449.446,0.58513,0.52717,0.84719,0.9558,0.99107,0.98132,0.83483,0.5982,0.57743,0.8198,0.0017624,0.0017624,0.0017624
26,467.266,0.61396,0.5279,0.85397,0.96461,0.97351,0.98442,0.8587,0.57308,0.49333,0.81884,0.0017525,0.0017525,0.0017525
27,485.486,0.60147,0.51318,0.86136,0.95677,0.98814,0.98494,0.85048,0.57346,0.46911,0.81319,0.0017426,0.0017426,0.0017426
28,503.546,0.57976,0.49646,0.83951,0.97366,0.99013,0.98523,0.85286,0.57076,0.46477,0.8129,0.0017327,0.0017327,0.0017327
29,521.927,0.594,0.50357,0.84485,0.96429,0.98214,0.98698,0.84782,0.61117,0.46187,0.82117,0.0017228,0.0017228,0.0017228
30,539.386,0.57699,0.47964,0.85992,0.9317,1,0.98579,0.8613,0.57537,0.46673,0.81916,0.0017129,0.0017129,0.0017129
31,556.965,0.60469,0.47965,0.84029,0.97335,0.97817,0.98885,0.85828,0.56768,0.46473,0.81983,0.001703,0.001703,0.001703
32,573.505,0.58198,0.47578,0.84926,0.96798,0.97321,0.99055,0.85332,0.58968,0.46237,0.82383,0.0016931,0.0016931,0.0016931
33,590.595,0.59972,0.46627,0.8584,0.96485,0.98044,0.98542,0.85155,0.57935,0.45636,0.82083,0.0016832,0.0016832,0.0016832
34,608.184,0.59266,0.47667,0.85034,0.96977,0.95536,0.9718,0.84874,0.57862,0.48305,0.81918,0.0016733,0.0016733,0.0016733
35,625.79,0.5606,0.46763,0.84408,0.97063,0.98214,0.99096,0.85689,0.59576,0.43227,0.8234,0.0016634,0.0016634,0.0016634
36,644.745,0.61615,0.48805,0.85839,0.96337,1,0.98555,0.86002,0.54755,0.43889,0.81858,0.0016535,0.0016535,0.0016535
37,663.717,0.60415,0.46721,0.86614,0.96512,0.98821,0.98138,0.85682,0.54959,0.43455,0.81869,0.0016436,0.0016436,0.0016436
38,681.007,0.61452,0.45625,0.8554,0.96353,0.98214,0.98571,0.84673,0.57661,0.44229,0.82365,0.0016337,0.0016337,0.0016337
39,698.262,0.5902,0.45134,0.852,0.97816,0.98214,0.99263,0.84633,0.61777,0.41797,0.83001,0.0016238,0.0016238,0.0016238
40,716.277,0.62888,0.47137,0.86922,0.97347,0.99107,0.98923,0.8588,0.58004,0.41473,0.82538,0.0016139,0.0016139,0.0016139
41,733.522,0.57068,0.44232,0.84779,0.96193,0.98214,0.98292,0.85474,0.5755,0.43447,0.82216,0.001604,0.001604,0.001604
42,751.209,0.58621,0.43801,0.84858,0.97116,0.98214,0.98508,0.84964,0.56321,0.41945,0.81965,0.0015941,0.0015941,0.0015941
43,768.302,0.54985,0.42685,0.84843,0.96537,0.99557,0.99149,0.86328,0.58258,0.41018,0.82101,0.0015842,0.0015842,0.0015842
44,784.791,0.58851,0.42436,0.84655,0.96345,1,0.99192,0.85669,0.59279,0.40989,0.82236,0.0015743,0.0015743,0.0015743
45,802.852,0.58318,0.42936,0.85052,0.9572,0.99854,0.99208,0.84309,0.62611,0.43075,0.83077,0.0015644,0.0015644,0.0015644
46,818.988,0.60709,0.42142,0.84773,0.97334,0.97801,0.99227,0.86261,0.5734,0.40258,0.82037,0.0015545,0.0015545,0.0015545
47,837.697,0.55642,0.40846,0.83479,0.96349,1,0.99047,0.84806,0.59684,0.41603,0.82223,0.0015446,0.0015446,0.0015446
48,854.668,0.56699,0.41055,0.84861,0.97298,1,0.99016,0.87369,0.54807,0.38837,0.81884,0.0015347,0.0015347,0.0015347
49,873.271,0.5514,0.40223,0.83506,0.97205,0.99107,0.98831,0.87443,0.53763,0.39828,0.8143,0.0015248,0.0015248,0.0015248
50,890.37,0.53974,0.41036,0.853,0.97384,0.99713,0.98687,0.86585,0.52714,0.38784,0.81027,0.0015149,0.0015149,0.0015149
51,908.732,0.53139,0.40123,0.84197,0.97327,1,0.98249,0.85562,0.55803,0.39771,0.81793,0.001505,0.001505,0.001505
52,926.022,0.54634,0.39398,0.84306,0.98084,0.99107,0.98031,0.84375,0.57201,0.40386,0.81542,0.0014951,0.0014951,0.0014951
53,943.488,0.56741,0.39463,0.8416,0.98228,0.98981,0.98615,0.8544,0.55361,0.39707,0.81093,0.0014852,0.0014852,0.0014852
54,961.532,0.5483,0.39446,0.83454,0.98228,0.98978,0.98333,0.85321,0.55778,0.39542,0.81434,0.0014753,0.0014753,0.0014753
55,978.715,0.53668,0.38538,0.83308,0.97142,0.99107,0.98141,0.85679,0.57195,0.39396,0.82413,0.0014654,0.0014654,0.0014654
56,995.983,0.53457,0.38132,0.8388,0.96546,0.99835,0.98233,0.85336,0.58005,0.40249,0.82541,0.0014555,0.0014555,0.0014555
57,1012.38,0.54402,0.38687,0.84001,0.97203,0.99107,0.98669,0.85407,0.57285,0.40305,0.82118,0.0014456,0.0014456,0.0014456
58,1031.08,0.52337,0.37676,0.84036,0.97385,0.99741,0.98165,0.86082,0.55349,0.3784,0.82144,0.0014357,0.0014357,0.0014357
59,1050.01,0.51107,0.3677,0.82951,0.97234,1,0.9786,0.86456,0.53148,0.38417,0.8192,0.0014258,0.0014258,0.0014258
60,1067.65,0.53896,0.3921,0.85432,0.97348,1,0.98993,0.85866,0.56662,0.38298,0.81973,0.0014159,0.0014159,0.0014159
61,1085.18,0.52165,0.36803,0.84495,0.981,1,0.99332,0.86469,0.56454,0.38151,0.82112,0.001406,0.001406,0.001406
62,1102.61,0.54916,0.37902,0.83907,0.97989,1,0.9936,0.86295,0.56812,0.37422,0.817,0.0013961,0.0013961,0.0013961
63,1119.88,0.53002,0.37969,0.84073,0.97773,0.99107,0.99254,0.87191,0.54894,0.3685,0.8155,0.0013862,0.0013862,0.0013862
64,1137.81,0.54777,0.36865,0.83651,0.97054,0.99107,0.98839,0.86473,0.56297,0.37861,0.81698,0.0013763,0.0013763,0.0013763
65,1155.53,0.54322,0.38094,0.83973,0.95539,0.99107,0.97649,0.84191,0.56701,0.40682,0.81973,0.0013664,0.0013664,0.0013664
66,1173.34,0.53875,0.38255,0.85703,0.95639,1,0.97682,0.85256,0.53427,0.39621,0.81807,0.0013565,0.0013565,0.0013565
67,1190.04,0.54364,0.3858,0.84029,0.95561,0.99107,0.98627,0.86714,0.53873,0.38461,0.82297,0.0013466,0.0013466,0.0013466
68,1206.21,0.49068,0.36007,0.84437,0.97014,0.98214,0.98643,0.87233,0.53955,0.36882,0.82016,0.0013367,0.0013367,0.0013367
69,1223.87,0.52151,0.36881,0.83253,0.97672,0.99107,0.99012,0.86224,0.55599,0.37361,0.82593,0.0013268,0.0013268,0.0013268
70,1242.54,0.51908,0.35768,0.83498,0.98029,0.99107,0.9911,0.87489,0.5406,0.37004,0.82112,0.0013169,0.0013169,0.0013169
71,1259.77,0.51964,0.36085,0.84332,0.98975,0.99107,0.99339,0.86874,0.54211,0.35263,0.82021,0.001307,0.001307,0.001307
72,1277.9,0.51955,0.36188,0.83933,0.98228,0.98998,0.99292,0.85913,0.56682,0.37493,0.82568,0.0012971,0.0012971,0.0012971
73,1294.82,0.53376,0.36704,0.83466,0.97898,0.99107,0.99003,0.86614,0.54635,0.35957,0.82242,0.0012872,0.0012872,0.0012872
74,1312.84,0.51232,0.36917,0.83751,0.96544,0.99781,0.98993,0.8595,0.54886,0.37092,0.82549,0.0012773,0.0012773,0.0012773
75,1329.75,0.50152,0.36021,0.83838,0.9796,0.99107,0.99291,0.86423,0.54695,0.34989,0.81819,0.0012674,0.0012674,0.0012674
76,1346.8,0.51339,0.3528,0.82762,0.96517,0.98961,0.99167,0.86961,0.53702,0.35832,0.81821,0.0012575,0.0012575,0.0012575
77,1364.49,0.49457,0.34997,0.83875,0.97203,0.98214,0.9885,0.8758,0.53456,0.36017,0.81654,0.0012476,0.0012476,0.0012476
78,1381.24,0.52507,0.36093,0.8261,0.98212,0.98101,0.98862,0.87225,0.53943,0.37368,0.81589,0.0012377,0.0012377,0.0012377
79,1399.82,0.47947,0.35361,0.83026,0.9821,0.97995,0.99015,0.8684,0.54022,0.37066,0.81654,0.0012278,0.0012278,0.0012278
80,1416.76,0.48347,0.33528,0.82806,0.97195,0.98214,0.98832,0.86977,0.55079,0.37126,0.81897,0.0012179,0.0012179,0.0012179
81,1433.23,0.50379,0.34556,0.83427,0.96593,0.97321,0.989,0.8618,0.55379,0.37637,0.81593,0.001208,0.001208,0.001208
82,1451.09,0.50351,0.34996,0.83337,0.9733,0.97662,0.99105,0.87947,0.51832,0.3743,0.81437,0.0011981,0.0011981,0.0011981
83,1467.49,0.4998,0.34079,0.8285,0.9563,0.97705,0.98857,0.87226,0.5178,0.38979,0.81594,0.0011882,0.0011882,0.0011882
84,1484.06,0.50034,0.34405,0.83373,0.97861,0.97321,0.98721,0.86978,0.52764,0.38925,0.81909,0.0011783,0.0011783,0.0011783
85,1503.08,0.49166,0.33474,0.83168,0.98805,0.97321,0.98903,0.87916,0.52073,0.37008,0.816,0.0011684,0.0011684,0.0011684
86,1521.67,0.48035,0.33733,0.82336,0.98001,0.97321,0.9912,0.8882,0.53056,0.36905,0.81682,0.0011585,0.0011585,0.0011585
87,1538.9,0.50526,0.33645,0.82695,0.97696,0.97321,0.9919,0.87798,0.53712,0.36049,0.81937,0.0011486,0.0011486,0.0011486
88,1556.64,0.48453,0.33274,0.81778,0.98212,0.98087,0.99128,0.88105,0.52121,0.35581,0.81799,0.0011387,0.0011387,0.0011387
89,1574.78,0.48407,0.33444,0.83282,0.98211,0.98017,0.9857,0.86767,0.53483,0.35277,0.81931,0.0011288,0.0011288,0.0011288
90,1592.1,0.50162,0.34539,0.83645,0.97368,0.99104,0.98749,0.87431,0.52586,0.34027,0.8167,0.0011189,0.0011189,0.0011189
91,1608.2,0.4773,0.331,0.82913,0.97361,1,0.98943,0.86357,0.55061,0.35786,0.82574,0.001109,0.001109,0.001109
92,1625.8,0.47966,0.33532,0.82714,0.97039,1,0.98611,0.87216,0.51544,0.34895,0.81928,0.0010991,0.0010991,0.0010991
93,1643.2,0.46441,0.32689,0.83906,0.96292,1,0.98812,0.87039,0.51024,0.35013,0.8184,0.0010892,0.0010892,0.0010892
94,1660.12,0.50343,0.34142,0.83989,0.96546,0.9984,0.98871,0.87291,0.52936,0.35592,0.82188,0.0010793,0.0010793,0.0010793
95,1677.02,0.52587,0.34767,0.84092,0.96859,0.99107,0.98675,0.87115,0.52435,0.36594,0.82108,0.0010694,0.0010694,0.0010694
96,1694.88,0.48782,0.33296,0.84121,0.95999,0.97321,0.98495,0.86395,0.54121,0.37674,0.82496,0.0010595,0.0010595,0.0010595
97,1712.97,0.49688,0.3246,0.84441,0.95585,0.99107,0.98084,0.86613,0.52275,0.37282,0.82302,0.0010496,0.0010496,0.0010496
98,1731.29,0.51113,0.33814,0.8325,0.97279,0.99107,0.98492,0.87235,0.50636,0.36665,0.81934,0.0010397,0.0010397,0.0010397
99,1748.72,0.50124,0.33072,0.83624,0.97235,0.99107,0.98556,0.87121,0.51774,0.36413,0.82132,0.0010298,0.0010298,0.0010298
100,1766.22,0.48592,0.33618,0.83987,0.96527,1,0.98262,0.86194,0.53896,0.35594,0.82295,0.0010199,0.0010199,0.0010199
101,1783.31,0.4832,0.32982,0.83123,0.97391,0.99999,0.97766,0.87609,0.50375,0.34962,0.8198,0.00101,0.00101,0.00101
102,1799.43,0.46015,0.32295,0.82693,0.97322,1,0.97877,0.86326,0.51536,0.34158,0.81884,0.0010001,0.0010001,0.0010001
103,1816.87,0.47384,0.32732,0.83589,0.97261,0.99107,0.98524,0.87218,0.52712,0.35798,0.81808,0.0009902,0.0009902,0.0009902
104,1834.89,0.48779,0.32762,0.8351,0.97364,0.9893,0.99065,0.88557,0.51958,0.36014,0.81771,0.0009803,0.0009803,0.0009803
105,1853.47,0.44355,0.31034,0.81909,0.97366,0.99016,0.99328,0.88316,0.51159,0.35574,0.81282,0.0009704,0.0009704,0.0009704
106,1872.23,0.44768,0.31573,0.81634,0.97387,0.99849,0.99318,0.88444,0.52463,0.35093,0.81487,0.0009605,0.0009605,0.0009605
107,1888.91,0.50094,0.3358,0.82439,0.97311,1,0.9931,0.87247,0.53102,0.34886,0.81596,0.0009506,0.0009506,0.0009506
108,1906.67,0.46048,0.32359,0.83522,0.98138,0.98214,0.99015,0.87371,0.53494,0.34772,0.82041,0.0009407,0.0009407,0.0009407
109,1922.84,0.45852,0.31412,0.82814,0.97918,0.99107,0.98851,0.87909,0.52635,0.3473,0.82176,0.0009308,0.0009308,0.0009308
110,1940.64,0.43904,0.29718,0.82386,0.98055,0.99107,0.98972,0.8841,0.52633,0.34078,0.82317,0.0009209,0.0009209,0.0009209
111,1958.18,0.47164,0.31364,0.82826,0.97804,0.99107,0.99071,0.88755,0.52589,0.34348,0.82485,0.000911,0.000911,0.000911
112,1976.62,0.46309,0.31425,0.83348,0.965,0.99107,0.9897,0.89035,0.51327,0.3447,0.82038,0.0009011,0.0009011,0.0009011
113,1994.48,0.43965,0.30484,0.81507,0.96909,0.98214,0.98734,0.88019,0.51681,0.35027,0.81938,0.0008912,0.0008912,0.0008912
114,2011.35,0.47363,0.31563,0.84158,0.97363,0.989,0.98183,0.87666,0.52747,0.34617,0.82291,0.0008813,0.0008813,0.0008813
115,2027.89,0.44762,0.3137,0.8221,0.97317,1,0.97846,0.8682,0.53352,0.34914,0.82495,0.0008714,0.0008714,0.0008714
116,2046.05,0.45178,0.31538,0.82011,0.96278,1,0.97883,0.86956,0.52353,0.34732,0.82631,0.0008615,0.0008615,0.0008615
117,2064.24,0.48141,0.38098,0.8429,0.97146,1,0.98646,0.88031,0.50835,0.33883,0.8243,0.0008516,0.0008516,0.0008516
118,2081.15,0.45608,0.30671,0.82425,0.96543,1,0.98831,0.88465,0.50862,0.34222,0.82356,0.0008417,0.0008417,0.0008417
119,2099.15,0.44493,0.30542,0.81208,0.97383,0.99671,0.98216,0.86654,0.52922,0.35357,0.82427,0.0008318,0.0008318,0.0008318
120,2115.99,0.47495,0.31157,0.82608,0.97387,0.99835,0.9757,0.86724,0.52097,0.36993,0.82053,0.0008219,0.0008219,0.0008219
121,2134.2,0.45723,0.31393,0.83361,0.97238,0.99107,0.97579,0.86621,0.51992,0.37206,0.82129,0.000812,0.000812,0.000812
122,2151.73,0.46047,0.30931,0.83568,0.97233,0.99107,0.97654,0.86811,0.51655,0.35566,0.82129,0.0008021,0.0008021,0.0008021
123,2168.85,0.44043,0.29939,0.82815,0.9699,0.99107,0.97685,0.86893,0.50382,0.35596,0.81913,0.0007922,0.0007922,0.0007922
124,2186.59,0.46876,0.30334,0.81858,0.96985,0.99107,0.97757,0.8665,0.52191,0.35369,0.82154,0.0007823,0.0007823,0.0007823
125,2204.98,0.41107,0.28358,0.8107,0.96491,0.99107,0.98032,0.87522,0.51466,0.33933,0.81865,0.0007724,0.0007724,0.0007724
126,2222.94,0.42855,0.29409,0.81422,0.96898,0.99107,0.97904,0.87063,0.51637,0.34485,0.82037,0.0007625,0.0007625,0.0007625
127,2241.69,0.43623,0.29385,0.82084,0.97077,0.99107,0.98105,0.86843,0.52128,0.33958,0.82021,0.0007526,0.0007526,0.0007526
128,2258.87,0.45426,0.30052,0.82763,0.96979,0.99107,0.98123,0.87923,0.50074,0.33284,0.8172,0.0007427,0.0007427,0.0007427
129,2277.05,0.44455,0.29901,0.80989,0.96828,1,0.97827,0.86435,0.52794,0.34332,0.8212,0.0007328,0.0007328,0.0007328
130,2293.97,0.4432,0.29334,0.8252,0.97346,1,0.97374,0.86731,0.51458,0.34513,0.81792,0.0007229,0.0007229,0.0007229
131,2311.83,0.43307,0.28827,0.81351,0.97385,0.99755,0.97539,0.87389,0.49776,0.32981,0.81403,0.000713,0.000713,0.000713
132,2329.62,0.45545,0.29414,0.81373,0.97387,0.99846,0.98037,0.86764,0.5392,0.33876,0.81712,0.0007031,0.0007031,0.0007031
133,2348.3,0.43255,0.28924,0.8126,0.96551,0.9998,0.98159,0.87767,0.5125,0.33518,0.81597,0.0006932,0.0006932,0.0006932
134,2366.36,0.42504,0.28569,0.81049,0.96546,0.99817,0.98286,0.86681,0.52911,0.346,0.81891,0.0006833,0.0006833,0.0006833
135,2385.89,0.42654,0.28401,0.81275,0.95695,1,0.98533,0.87536,0.51493,0.35134,0.81883,0.0006734,0.0006734,0.0006734
136,2403.17,0.44039,0.28707,0.8146,0.9572,0.99831,0.98904,0.88847,0.50528,0.32484,0.81686,0.0006635,0.0006635,0.0006635
137,2420.76,0.44137,0.29679,0.82481,0.96489,0.99107,0.98979,0.88494,0.51571,0.3306,0.82003,0.0006536,0.0006536,0.0006536
138,2437.88,0.46412,0.29842,0.80819,0.95546,1,0.98656,0.87411,0.52464,0.33757,0.81652,0.0006437,0.0006437,0.0006437
139,2454.18,0.43067,0.2869,0.80892,0.95633,1,0.98442,0.87902,0.5031,0.33373,0.81607,0.0006338,0.0006338,0.0006338
140,2471.63,0.43975,0.2882,0.81278,0.97384,0.9972,0.98516,0.87537,0.50826,0.32286,0.81621,0.0006239,0.0006239,0.0006239
141,2489.25,0.40931,0.27752,0.82285,0.97256,1,0.98672,0.87418,0.5231,0.32347,0.81463,0.000614,0.000614,0.000614
142,2505.88,0.39452,0.27075,0.81034,0.97269,1,0.98651,0.87908,0.51857,0.32334,0.81374,0.0006041,0.0006041,0.0006041
143,2523.99,0.40122,0.27163,0.803,0.9729,1,0.98465,0.88344,0.51145,0.32371,0.81405,0.0005942,0.0005942,0.0005942
144,2540.91,0.42857,0.28578,0.81376,0.97226,1,0.98263,0.87977,0.51051,0.32488,0.81471,0.0005843,0.0005843,0.0005843
145,2558.51,0.40944,0.27892,0.8007,0.97166,1,0.98295,0.88837,0.50031,0.32469,0.81236,0.0005744,0.0005744,0.0005744
146,2574.97,0.3922,0.27507,0.80036,0.97222,1,0.98442,0.88711,0.48765,0.3148,0.81036,0.0005645,0.0005645,0.0005645
147,2592.09,0.40711,0.27375,0.81413,0.97289,1,0.98564,0.89092,0.4918,0.31699,0.81457,0.0005546,0.0005546,0.0005546
148,2609.8,0.40696,0.2785,0.80853,0.9726,1,0.98554,0.88708,0.49582,0.3217,0.81555,0.0005447,0.0005447,0.0005447
149,2627.53,0.40539,0.27459,0.8251,0.97255,1,0.98621,0.89608,0.49755,0.31055,0.81592,0.0005348,0.0005348,0.0005348
150,2644.82,0.42183,0.28147,0.81214,0.97253,1,0.98695,0.88859,0.49377,0.31336,0.81525,0.0005249,0.0005249,0.0005249
151,2661.67,0.39721,0.26721,0.80916,0.97264,1,0.98599,0.89256,0.49711,0.31024,0.81429,0.000515,0.000515,0.000515
152,2679.25,0.4209,0.275,0.81605,0.97224,1,0.98384,0.89033,0.48791,0.30845,0.81474,0.0005051,0.0005051,0.0005051
153,2697.39,0.4072,0.26431,0.81097,0.97126,1,0.98275,0.88552,0.49582,0.31616,0.81815,0.0004952,0.0004952,0.0004952
154,2715.77,0.41489,0.27606,0.81968,0.97098,1,0.98449,0.88666,0.50034,0.31841,0.81847,0.0004853,0.0004853,0.0004853
155,2733.56,0.389,0.26711,0.80708,0.97063,1,0.98544,0.88559,0.51034,0.32324,0.81946,0.0004754,0.0004754,0.0004754
156,2750.82,0.38869,0.26457,0.80659,0.97137,1,0.98351,0.88433,0.49993,0.3185,0.81928,0.0004655,0.0004655,0.0004655
157,2768.85,0.40139,0.26734,0.81689,0.97231,1,0.9794,0.87654,0.50367,0.33541,0.8228,0.0004556,0.0004556,0.0004556
158,2786.54,0.38854,0.26459,0.80387,0.97336,1,0.97769,0.87575,0.50531,0.33474,0.82417,0.0004457,0.0004457,0.0004457
159,2804,0.38864,0.25955,0.81516,0.97387,0.99828,0.97914,0.8773,0.50349,0.32777,0.82272,0.0004358,0.0004358,0.0004358
160,2821.17,0.39369,0.26431,0.81291,0.97257,0.99107,0.98322,0.88606,0.49483,0.31779,0.81845,0.0004259,0.0004259,0.0004259
161,2838.34,0.41095,0.26927,0.81131,0.97251,0.99107,0.98379,0.88679,0.49862,0.31117,0.81832,0.000416,0.000416,0.000416
162,2856.27,0.36917,0.25979,0.81333,0.97241,0.99107,0.98287,0.87697,0.50497,0.31493,0.81697,0.0004061,0.0004061,0.0004061
163,2873.87,0.40726,0.26905,0.8156,0.97201,0.99107,0.98144,0.8836,0.49454,0.3171,0.81445,0.0003962,0.0003962,0.0003962
164,2891.37,0.3877,0.26692,0.80687,0.97209,0.99107,0.97933,0.88182,0.49016,0.31713,0.81213,0.0003863,0.0003863,0.0003863
165,2908.95,0.39951,0.27256,0.82114,0.97235,0.99107,0.97981,0.87729,0.49879,0.3174,0.81143,0.0003764,0.0003764,0.0003764
166,2926.83,0.41437,0.27061,0.80545,0.97216,0.99107,0.98105,0.88028,0.4925,0.31552,0.8112,0.0003665,0.0003665,0.0003665
167,2944.29,0.38032,0.26012,0.80661,0.97119,0.99107,0.98151,0.88652,0.48152,0.31476,0.81186,0.0003566,0.0003566,0.0003566
168,2962.29,0.37411,0.25545,0.81067,0.96983,0.99107,0.98081,0.88798,0.48395,0.31543,0.8113,0.0003467,0.0003467,0.0003467
169,2979.32,0.36216,0.25049,0.80416,0.97156,0.99107,0.97887,0.8892,0.47132,0.30639,0.81325,0.0003368,0.0003368,0.0003368
170,2997.77,0.37882,0.26325,0.79869,0.97217,0.99107,0.97894,0.89278,0.47588,0.30731,0.81381,0.0003269,0.0003269,0.0003269
171,3016.59,0.38686,0.26193,0.81123,0.97197,0.99107,0.98007,0.88443,0.48573,0.3093,0.8134,0.000317,0.000317,0.000317
172,3034.59,0.38676,0.26041,0.81198,0.96459,1,0.97668,0.88224,0.48012,0.30486,0.81465,0.0003071,0.0003071,0.0003071
173,3051.73,0.3734,0.25561,0.80661,0.96414,1,0.97751,0.8857,0.48246,0.30626,0.81574,0.0002972,0.0002972,0.0002972
174,3070.41,0.39191,0.26466,0.81493,0.96391,1,0.97795,0.88156,0.48483,0.30296,0.81597,0.0002873,0.0002873,0.0002873
175,3088.08,0.38668,0.26188,0.80926,0.97072,0.99107,0.98037,0.88477,0.47754,0.29925,0.8141,0.0002774,0.0002774,0.0002774
176,3105.48,0.37413,0.2526,0.8057,0.97387,0.99848,0.98223,0.88438,0.4769,0.30822,0.81323,0.0002675,0.0002675,0.0002675
177,3123.1,0.37236,0.24674,0.80608,0.97323,1,0.98331,0.88936,0.48366,0.31017,0.81411,0.0002576,0.0002576,0.0002576
178,3140.6,0.38031,0.25663,0.81267,0.97328,1,0.98376,0.89278,0.48402,0.30776,0.81327,0.0002477,0.0002477,0.0002477
179,3157.39,0.3861,0.25501,0.80887,0.97264,1,0.98381,0.8865,0.48118,0.30936,0.81368,0.0002378,0.0002378,0.0002378
180,3174.96,0.37709,0.25261,0.80654,0.97275,1,0.98326,0.88433,0.48713,0.30687,0.81565,0.0002279,0.0002279,0.0002279
181,3191.29,0.36667,0.25081,0.80697,0.97276,1,0.98176,0.88783,0.4758,0.3011,0.81504,0.000218,0.000218,0.000218
182,3207.91,0.37984,0.25284,0.79981,0.97269,1,0.98048,0.89098,0.47481,0.30136,0.81327,0.0002081,0.0002081,0.0002081
183,3224.6,0.37172,0.24739,0.80572,0.97272,1,0.97988,0.89011,0.47818,0.30458,0.81386,0.0001982,0.0001982,0.0001982
184,3242.37,0.35942,0.24353,0.80154,0.9728,1,0.98014,0.89125,0.48278,0.30106,0.81479,0.0001883,0.0001883,0.0001883
185,3260.77,0.3448,0.24157,0.80662,0.97267,1,0.9817,0.88451,0.48799,0.30623,0.81546,0.0001784,0.0001784,0.0001784
186,3278.18,0.34531,0.2407,0.8021,0.97259,1,0.98263,0.8901,0.48727,0.30252,0.81627,0.0001685,0.0001685,0.0001685
187,3296.41,0.36874,0.24287,0.79808,0.97254,1,0.983,0.88374,0.48665,0.30189,0.81635,0.0001586,0.0001586,0.0001586
188,3313.58,0.37148,0.25157,0.81735,0.97267,1,0.98258,0.884,0.48412,0.2975,0.81459,0.0001487,0.0001487,0.0001487
189,3331.1,0.36013,0.24479,0.79575,0.97261,1,0.98199,0.88319,0.48408,0.29657,0.81494,0.0001388,0.0001388,0.0001388
190,3348.96,0.35089,0.23414,0.80886,0.97286,1,0.98179,0.88045,0.48546,0.29456,0.81503,0.0001289,0.0001289,0.0001289
191,3366.31,0.32084,0.2264,0.78253,0.97302,1,0.98186,0.88458,0.48558,0.29538,0.8148,0.000119,0.000119,0.000119
192,3384.15,0.3112,0.21434,0.78593,0.97252,1,0.98262,0.88861,0.48432,0.30249,0.81575,0.0001091,0.0001091,0.0001091
193,3403.21,0.32113,0.2245,0.79379,0.97192,1,0.98304,0.89161,0.48044,0.30267,0.81596,9.92e-05,9.92e-05,9.92e-05
194,3421.24,0.32093,0.2175,0.77086,0.97142,1,0.98277,0.88955,0.47932,0.30294,0.81676,8.93e-05,8.93e-05,8.93e-05
195,3438.09,0.30936,0.21241,0.79124,0.97215,1,0.98122,0.88925,0.47818,0.30242,0.81653,7.94e-05,7.94e-05,7.94e-05
196,3456.48,0.33049,0.22784,0.77336,0.97181,1,0.98098,0.8895,0.48034,0.30219,0.81722,6.95e-05,6.95e-05,6.95e-05
197,3475.17,0.31759,0.21871,0.78457,0.97177,1,0.98076,0.88916,0.4785,0.30718,0.8173,5.96e-05,5.96e-05,5.96e-05
198,3492.01,0.33435,0.23376,0.78306,0.97178,1,0.98058,0.8885,0.47915,0.30319,0.81763,4.97e-05,4.97e-05,4.97e-05
199,3509.76,0.30238,0.21862,0.77658,0.97161,1,0.98055,0.88903,0.48108,0.30333,0.81787,3.98e-05,3.98e-05,3.98e-05
200,3527.2,0.30033,0.2114,0.76531,0.97205,1,0.98055,0.88738,0.48098,0.30194,0.81721,2.99e-05,2.99e-05,2.99e-05
